<?xml version="1.0" encoding="UTF-8"?>
<!DOCTYPE configuration 
PUBLIC " - //mybatis.org//DTD Config 3.0//EN"
	   " http://mybatis.org/dtd/mybatis-3-config.dtd">

<configuration>

	<!-- mybatis 기본 세팅 -->
	<settings>
		<setting name="cacheEnabled"              value="true"/>  
        <setting name="lazyLoadingEnabled"        value="false"/>  
        <setting name="multipleResultSetsEnabled" value="true"/>  
        <setting name="useColumnLabel"            value="true"/>  
        <setting name="useGeneratedKeys"          value="false"/>  
        <setting name="defaultExecutorType"       value="SIMPLE"/>  
        <setting name="defaultStatementTimeout"   value="25000"/>  
	</settings>


	<!-- ModelMapping -->
	<typeAliases>
		
		<!-- member -->
		<typeAlias type="com.someday.member.MemberModel" alias="memberModel" />
		<typeAlias type="com.someday.member.ZipcodeModel" alias="zipcodeModel" />
		
		
		<!--  Notice board  -->
		<typeAlias type="com.someday.notice.NoticeModel" alias="noticeModel" />
		
	</typeAliases>
	
	<!-- SQL 정의한 xml문서 Mapping -->
	<mappers>
		<mapper resource="mybatis/config/NoticeSQL.xml" />
		<mapper resource="mybatis/config/MemberSQL.xml" />
	</mappers>

</configuration>