<?xml version="1.0" encoding="UTF-8"?>
<!DOCTYPE mapper 
PUBLIC "-//mybatis.org//DTD Mapper 3.0//EN"
"http://mybatis.org/dtd/mybatis-3-mapper.dtd">

<mapper namespace="notice">

	<resultMap type="noticeModel" id="noticeModelRes">
		<result property="idx" column="idx" />
		<result property="type" column="type" />
		<result property="writer" column="writer" />
		<result property="subject" column="subject" />
		<result property="content" column="content" />
		<result property="times" column="times" />
		<result property="readhit" column="readhit" />
		<result property="file_orgname" column="file_orgname" />
		<result property="file_savname" column="file_savname" />
	</resultMap>

	<resultMap type="noticecommModel" id="noticecommModelRes">
		<result property="idx" column="idx" />
		<result property="originidx" column="originidx" />
		<result property="writer" column="writer" />
		<result property="content" column="content" />
		<result property="times" column="times" />
	</resultMap>


	<!-- 글목록 -->
	<select id="noticeList" resultMap="noticeModelRes">
		SELECT BOARD.IDX, BOARD.TYPE,
		BOARD.WRITER, BOARD.SUBJECT, BOARD.CONTENT, BOARD.TIMES,
		BOARD.READHIT, BOARD.FILE_ORGNAME, BOARD.FILE_SAVNAME,
		(SELECT COUNT(*)FROM NOTICE_COMMENT WHERE NOTICE_COMMENT.ORIGINIDX =
		BOARD.IDX) AS CNT
		FROM NOTICE_BOARD BOARD
		ORDER BY IDX DESC
	</select>

	<!-- 글 상세보기 -->
	<select id="noticeView" resultMap="noticeModelRes"
		parameterType="Integer">
		SELECT * FROM NOTICE_BOARD
		WHERE IDX = #{idx}
	</select>
	
	<!-- 조회수 1증가 -->
	<update id="noticeUpdateReadhit" parameterType="noticeModel">
			UPDATE NOTICE_BOARD
			SET
				READHIT = READHIT + 1
			WHERE
				IDX = #{idx}	
	</update>

	<!-- 글쓰기 -->
	<insert id="noticeWrite" parameterType="noticeModel" >
		INSERT INTO
		NOTICE_BOARD(IDX, TYPE, SUBJECT, READHIT, CONTENT, TIMES)
		VALUES
		(NOTICE_BOARD_IDX_SEQ.NEXTVAL, #{type} , #{subject}, 0, #{content}, #{times})
	</insert>
	
	<!-- 아이디로 idx 찾기 -->
   <select id="noticeselectIdx" parameterType="noticeModel" resultMap="noticeModelRes">
    SELECT IDX FROM NOTICE_BOARD
      WHERE TIMES = #{times}
   </select>
	
	<!-- 사진업로드 -->
   <update id="updateFile" parameterType="noticeModel">
         UPDATE NOTICE_BOARD SET 
         FILE_ORGNAME = #{File_orgname},
         FILE_SAVNAME = #{File_savname}
         WHERE IDX = #{idx}
   </update>

	<!-- 글삭제 -->
	<delete id="noticeDelete" parameterType="noticeModel">
		DELETE FROM NOTICE_BOARD
		WHERE IDX=#{idx}
	</delete>

	<!-- 글수정 -->
	<update id="noticeModify" parameterType="noticeModel">
		UPDATE NOTICE_BOARD
		SET
		SUBJECT = #{subject},
		CONTENT = #{content}
		WHERE
		IDX = #{idx}
	</update>

	<!-- 제목검색 -->
	<select id="noticeSearch0" resultMap="noticeModelRes"
		parameterType="String">
		SELECT * FROM NOTICE_BOARD
		WHERE subject like #{search}
		ORDER BY IDX DESC
	</select>

	<!-- 내용검색 -->
	<select id="noticeSearch1" resultMap="noticeModelRes"
		parameterType="String">
		SELECT * FROM NOTICE_BOARD
		WHERE content like #{search}
		ORDER BY IDX DESC
	</select>

	<!-- 작성자검색 -->
	<select id="noticeSearch2" resultMap="noticeModelRes"
		parameterType="String">
		SELECT * FROM NOTICE_BOARD
		WHERE writer like #{search}
		ORDER BY IDX DESC
	</select>

	<!-- 댓글 목록 -->
	<select id="noticecommList" resultMap="noticecommModelRes"
		parameterType="Integer">
		SELECT * FROM NOTICE_COMMENT
		WHERE ORIGINIDX = #{idx}
		ORDER BY IDX ASC
	</select>

	<!-- 댓글 쓰기 -->
	<insert id="noticecommWrite" parameterType="noticecommModel">
		INSERT INTO
		NOTICE_COMMENT(IDX, ORIGINIDX, CONTENT, TIMES )
		values(NOTICE_COMMENT_IDX_SEQ.NEXTVAL, #{originidx}, #{content},
		sysdate)
	</insert>

	<!-- 댓글 삭제 -->
	<delete id="noticecommDelete" parameterType="noticecommModel">
		DELETE FROM
		NOTICE_COMMENT
		WHERE
		IDX = #{idx}
	</delete>


</mapper>