<?xml version="1.0" encoding="UTF-8"?>
<!DOCTYPE mapper 
PUBLIC "-//mybatis.org//DTD Mapper 3.0//EN"
"http://mybatis.org/dtd/mybatis-3-mapper.dtd">

<mapper namespace="qna">

	<resultMap type="qnaModel" id="qnaModelRes">
		<result property="idx" column="idx" />
		<result property="writer" column="writer" />
		<result property="subject" column="subject" />
		<result property="content" column="content" />
		<result property="pass" column="pass" />
		<result property="times" column="times" />
		<result property="file_orgname" column="file_orgname" />
		<result property="file_savname" column="file_savname" />
	</resultMap>

	<resultMap type="qnacommModel" id="qnacommModelRes">
		<result property="idx" column="idx" />
		<result property="originidx" column="originidx" />
		<result property="writer" column="writer" />
		<result property="content" column="content" />
		<result property="times" column="times" />
	</resultMap>

	<!-- 글목록 -->
	<select id="qnaList" resultMap="qnaModelRes">
		SELECT QNA.IDX,
		QNA.WRITER, QNA.SUBJECT, QNA.CONTENT, QNA.TIMES, QNA.PASS,
		(SELECT COUNT(*)FROM QNA_COMMENT WHERE QNA_COMMENT.ORIGINIDX =
		QNA.IDX) AS CNT
		FROM QNA QNA
		ORDER BY IDX DESC
	</select>
	
	<!-- 제목검색 -->
	<select id="qnaSearch0" resultMap="qnaModelRes"
		parameterType="String">
		SELECT * FROM QNA
		WHERE subject like #{search}
		ORDER BY IDX DESC
	</select>

	<!-- 내용검색 -->
	<select id="qnaSearch1" resultMap="qnaModelRes"
		parameterType="String">
		SELECT * FROM QNA
		WHERE content like #{search}
		ORDER BY IDX DESC
	</select>

	<!-- 작성자검색 -->
	<select id="qnaSearch2" resultMap="qnaModelRes"
		parameterType="String">
		SELECT * FROM QNA
		WHERE writer like #{search}
		ORDER BY IDX DESC
	</select>
	
	<!-- 글 상세보기 -->
	<select id="qnaView" resultMap="qnaModelRes"
		parameterType="Integer">
		SELECT * FROM QNA
		WHERE IDX = #{idx}
	</select>
	
	<!-- 댓글 목록 -->
	<select id="qnacommList" resultMap="qnacommModelRes"
		parameterType="Integer">
		SELECT * FROM QNA_COMMENT
		WHERE ORIGINIDX = #{idx}
		ORDER BY IDX ASC
	</select>

	<!-- 댓글 쓰기 -->
	<insert id="qnacommWrite" parameterType="qnacommModel">
		INSERT INTO
		QNA_COMMENT(IDX, ORIGINIDX, CONTENT, TIMES )
		values(QNA_COMMENT_IDX_SEQ.NEXTVAL, #{originidx}, #{content},
		sysdate)
	</insert>

	<!-- 댓글 삭제 -->
	<delete id="qnacommDelete" parameterType="qnacommModel">
		DELETE FROM
		QNA_COMMENT
		WHERE
		IDX = #{idx}
	</delete>
	
	<!-- 글쓰기 -->
	<insert id="qnaWrite" parameterType="qnaModel" >
		INSERT INTO
		QNA(IDX, PASS, SUBJECT, CONTENT, TIMES)
		VALUES
		(QNA_IDX_SEQ.NEXTVAL, #{pass}, #{subject}, #{content}, #{times})
	</insert>
	
	<!-- 글수정 -->
	<update id="qnaModify" parameterType="qnaModel">
		UPDATE QNA
		SET
		SUBJECT = #{subject},
		CONTENT = #{content},
		PASS = #{pass}
		WHERE
		IDX = #{idx}
	</update>
	
	<!-- 글삭제 -->
	<delete id="qnaDelete" parameterType="qnaModel">
		DELETE FROM QNA
		WHERE IDX=#{idx}
	</delete>
	
	<!-- 아이디로 idx 찾기 -->
   <select id="qnaselectIdx" parameterType="qnaModel" resultMap="qnaModelRes">
    SELECT QNA_IDX_SEQ.CURRVAL as idx FROM dual
   </select>
	
	<!-- 사진업로드 -->
   <update id="updateFile" parameterType="qnaModel">
         UPDATE QNA SET 
         FILE_ORGNAME = #{File_orgname},
         FILE_SAVNAME = #{File_savname}
         WHERE IDX = #{idx}
   </update>
	
</mapper>