<?xml version="1.0" encoding="UTF-8"?>
<!DOCTYPE configuration 
PUBLIC " - //mybatis.org//DTD Config 3.0//EN"
	   " http://mybatis.org/dtd/mybatis-3-config.dtd">

<configuration>

	<!-- mybatis 기본 세팅 -->
	<settings>
		<setting name="cacheEnabled" value="true" />
		<setting name="lazyLoadingEnabled" value="false" />
		<setting name="multipleResultSetsEnabled" value="true" />
		<setting name="useColumnLabel" value="true" />
		<setting name="useGeneratedKeys" value="false" />
		<setting name="defaultExecutorType" value="SIMPLE" />
		<setting name="defaultStatementTimeout" value="25000" />
		<setting name="jdbcTypeForNull" value="NULL" />
	</settings>


	<!-- ModelMapping -->
	<typeAliases>
		<!-- member -->
		<typeAlias type="com.someday.member.MemberModel" alias="memberModel" />
		<typeAlias type="com.someday.member.ZipcodeModel" alias="zipcodeModel" />

		<!-- Notice board -->
		<typeAlias type="com.someday.notice.NoticeModel" alias="noticeModel" />

		<!-- Notice comment -->
		<typeAlias type="com.someday.notice.NoticecommModel" alias="noticecommModel" />

		<!-- Today -->
		<typeAlias type="com.someday.today.TodayModel" alias="todayModel" />
		<typeAlias type="com.someday.today.TodayMemberModel" alias="todaymemberModel" />

		<!-- Matching -->
		<typeAlias type="com.someday.matching.MatchingModel" alias="matchingModel" />
		
		<!-- QnA board -->
		<typeAlias type="com.someday.qna.QnAModel" alias="qnaModel"/>
		
		<!--  QnA comment  -->
		<typeAlias type="com.someday.qna.QnAcommModel" alias="qnacommModel" />
		
		<!--  Chat  -->
		<typeAlias type="com.someday.chat.ChatModel" alias="chatModel" />

        <!-- meeting -->
        <typeAlias type="com.someday.meeting.MeetModel" alias="meetModel"/>

	</typeAliases>

	<!-- SQL 정의한 xml문서 Mapping -->
	<mappers>
		<!-- Notice board -->
		<mapper resource="mybatis/config/NoticeSQL.xml" />
		<!-- Member -->
		<mapper resource="mybatis/config/MemberSQL.xml" />
		<!-- Member -->
		<mapper resource="mybatis/config/QnASQL.xml" />
		<!-- Today -->
		<mapper resource="mybatis/config/TodaySQL.xml" />
		<!-- Chat -->
		<mapper resource="mybatis/config/ChatSQL.xml" />

	</mappers>

</configuration>