<?xml version="1.0" encoding="UTF-8"?>
<!DOCTYPE mapper 
PUBLIC "-//mybatis.org//DTD Mapper 3.0//EN"
"http://mybatis.org/dtd/mybatis-3-mapper.dtd">

<mapper namespace="today">

	<resultMap type="todayModel" id="todayModelRes">
		<result property="idx" column="idx" />
		<result property="female_idx" column="female_idx" />
		<result property="male_idx" column="male_idx" />
		<result property="female_like" column="female_like" />
		<result property="male_like" column="male_like" />
		<result property="female_score" column="female_score" />
		<result property="male_score" column="male_score" />
		<result property="female_msg" column="female_msg" />
		<result property="male_msg" column="male_msg" />
		<!-- <result property="times" column="times" /> -->
	</resultMap>
	
	<!-- 공통으로 사용할 select 절 정의 -->
	<sql id="select-all-meeting">
		SELECT * FROM MEETING
	</sql>
	
	<!-- 여자입장에서 참여한 미팅 찾기 -->
	<select id="female_today" resultMap="todayModelRes" parameterType="Integer">
		<include refid="select-all-meeting" />
		WHERE FEMALE_IDX = #{idx} AND TRUNC(TIMES) = TRUNC(SYSDATE)
	</select>
	
	<!-- 남자입장에서 참여한 미팅 찾기 -->
	<select id="male_today" resultMap="todayModelRes" parameterType="Integer">
		<include refid="select-all-meeting" />
		WHERE MALE_IDX = #{idx} AND TRUNC(TIMES) = TRUNC(SYSDATE)
	</select>
	
	
	<!-- 미팅 여자 중복 확인 -->
	<select id="meeting_femalecheck" resultMap="todayModelRes" parameterType="Integer">
		<include refid="select-all-meeting" />
		WHERE FEMALE_IDX=#{idx} AND TRUNC(TIMES)=TRUNC(SYSDATE)
	</select>
	
	<!-- 미팅 남자 중복 확인 -->
	<select id="meeting_malecheck" resultMap="todayModelRes" parameterType="Integer">
		<include refid="select-all-meeting" />
		WHERE MALE_IDX=#{idx} AND TRUNC(TIMES)=TRUNC(SYSDATE)
	</select>
	
	<!-- 임시쿼리, 미팅 생성 -->
	<insert id="insertMeeting" parameterType="todayModel">
		INSERT INTO MEETING(
		IDX,
		FEMALE_IDX,
		MALE_IDX,
		TIMES
		)
		VALUES (
		MEETING_IDX_SEQ.NEXTVAL,
		#{female_idx},
		#{male_idx},
		TRUNC(SYSDATE)
		)
	</insert>
	
	<!-- 여자가 좋아요를 누름 -->
	<update id="female_like" parameterType="Integer">
			UPDATE MEETING
			SET
				FEMALE_LIKE = 1
			WHERE
				IDX = #{idx}	
	</update>
	
	<!-- 남자가 좋아요를 누름 -->
	<update id="male_like" parameterType="Integer">
			UPDATE MEETING
			SET
				MALE_LIKE = 1
			WHERE
				IDX = #{idx}	
	</update>

	<!-- 여자가 평점보냄 -->
	<update id="female_score" parameterType="todayModel">
			UPDATE MEETING
			SET
				MALE_SCORE = #{score}
			WHERE
				IDX = #{idx}	
	</update>
	
	<!-- 남자가 평점보냄 -->
	<update id="male_score" parameterType="todayModel">
			UPDATE MEETING
			SET
				FEMALE_SCORE = #{score}
			WHERE
				IDX = #{idx}	
	</update>
	
	<!-- 여자가 메시지를 보냄 -->
	<update id="female_message" parameterType="todayModel">
			UPDATE MEETING
			SET
				MALE_MSG = #{male_msg}
			WHERE
				IDX = #{idx}	
	</update>
	
	<!-- 여자가 메시지를 보냄 -->
	<update id="male_message" parameterType="todayModel">
			UPDATE MEETING
			SET
				FEMALE_MSG = #{female_msg}
			WHERE
				IDX = #{idx}	
	</update>

</mapper>